Workbook

Sheet 대시보드
A1: 개인 투자 포트폴리오 트래커 - 대시보드
A3: 기준 통화 | B3: =설정!B2 | D3: 마지막 갱신 시각 | E3: =설정!B8
A5: ■ 핵심 투자 요약 지표 | B5: 항목 | C5: 금액 / 수치 | E5: ■ 계좌별 자산 요약
B6: 누적 투자 원금 | C6: =SUM(포트폴리오!G4:G100) | E6: 계좌 구분 | F6: 투자 자산 | G6: 현금 잔액 | H6: 합계
B7: 현재 총자산 | C7: =C8+C9 | E7: ISA | F7: =SUMIF(포트폴리오!$A$4:$A$100, "ISA", 포트폴리오!$J$4:$J$100) | G7: =SUMIF('계좌 및 현금'!$A$4:$A$50, "ISA", '계좌 및 현금'!$F$4:$F$50) | H7: =F7+G7
B8: 투자 자산 평가액 | C8: =SUM(포트폴리오!J4:J100) | E8: 금현물계좌 | F8: =SUMIF(포트폴리오!$A$4:$A$100, "금현물계좌", 포트폴리오!$J$4:$J$100) | G8: =SUMIF('계좌 및 현금'!$A$4:$A$50, "금현물계좌", '계좌 및 현금'!$F$4:$F$50) | H8: =F8+G8
B9: 현금성 자산 | C9: =SUM('계좌 및 현금'!F4:F50) | E9: CMA | F9: =SUMIF(포트폴리오!$A$4:$A$100, "CMA", 포트폴리오!$J$4:$J$100) | G9: =SUMIF('계좌 및 현금'!$A$4:$A$50, "CMA", '계좌 및 현금'!$F$4:$F$50) | H9: =F9+G9
B10: 평가 손익 | C10: =C8-C6 | E10: 해외계좌 | F10: =SUMIF(포트폴리오!$A$4:$A$100, "해외계좌", 포트폴리오!$J$4:$J$100) | G10: =SUMIF('계좌 및 현금'!$A$4:$A$50, "해외계좌", '계좌 및 현금'!$F$4:$F$50) | H10: =F10+G10
B11: 수익률 | C11: =IF(C6>0, C10/C6, "-") | E11: 일반/현금 | F11: =SUMIF(포트폴리오!$A$4:$A$100, "일반/현금", 포트폴리오!$J$4:$J$100) | G11: =SUMIF('계좌 및 현금'!$A$4:$A$50, "일반/현금", '계좌 및 현금'!$F$4:$F$50) | H11: =F11+G11
B12: 1일 자산 변화 | C12: =IF(COUNTA('자산 기록'!A4:A100)>=2, C7-INDEX('자산 기록'!D4:D100, COUNTA('자산 기록'!A4:A100)-1), "기록 부족") | E12: 합계 | F12: =SUM(F7:F11) | G12: =SUM(G7:G11) | H12: =SUM(H7:H11)
B13: 1주 자산 변화 | C13: =IF(COUNTA('자산 기록'!A4:A100)>=5, C7-INDEX('자산 기록'!D4:D100, MAX(1, COUNTA('자산 기록'!A4:A100)-5)), "기록 부족")
B14: 1개월 자산 변화 | C14: =IF(COUNTA('자산 기록'!A4:A100)>=20, C7-INDEX('자산 기록'!D4:D100, MAX(1, COUNTA('자산 기록'!A4:A100)-20)), "기록 부족")

Sheet 포트폴리오
A1: 보유 포트폴리오 관리
A2: 목표 비중 합계: | B2: =SUM(N4:N100) | C2: 미배분 비중: | D2: =1-B2 | E2: 상태 경고: | F2: =IF(B2>1.0001, "⚠️ 목표 비중 100% 초과!", IF(B2<0.9999, "⚠️ 목표 비중 미달 (정규화 배분)", "✅ 정상 (100%)"))
A3: 계좌 | B3: 티커/코드 | C3: 종목명 | D3: 자산 유형 | E3: 통화 | F3: 보유 수량 | G3: 누적 매입 금액 | H3: 현재가 | I3: 기준 환율 | J3: 평가액(KRW) | K3: 평가 손익 | L3: 수익률 | M3: 실제 비중 | N3: 목표 비중 | O3: 비중 차이 | P3: 조회 상태/갱신
A4: ISA | B4: 005930 | C4: 삼성전자 | D4: 주식 | E4: KRW | F4: 50 | G4: 3500000 | H4: 72000 | I4: 1 | J4: =IF(B4="","",F4*H4*I4) | K4: =IF(B4="","",J4-G4) | L4: =IF(G4>0,K4/G4,"-") | M4: =IF(SUM($J$4:$J$100)>0,J4/SUM($J$4:$J$100),0) | N4: 0.2 | O4: =IF(N4="","",M4-N4) | P4: 수동 입력/구글연동
A5: ISA | B5: 379800 | C5: TIGER 미국S&P500 | D5: ETF | E5: KRW | F5: 100 | G5: 1400000 | H5: 16500 | I5: 1 | J5: =IF(B5="","",F5*H5*I5) | K5: =IF(B5="","",J5-G5) | L5: =IF(G5>0,K5/G5,"-") | M5: =IF(SUM($J$4:$J$100)>0,J5/SUM($J$4:$J$100),0) | N5: 0.25 | O5: =IF(N5="","",M5-N5) | P5: 수동 입력/구글연동
A6: 해외계좌 | B6: QQQ | C6: Invesco QQQ Trust | D6: ETF | E6: USD | F6: 10 | G6: 5200000 | H6: 480 | I6: 1380 | J6: =IF(B6="","",F6*H6*I6) | K6: =IF(B6="","",J6-G6) | L6: =IF(G6>0,K6/G6,"-") | M6: =IF(SUM($J$4:$J$100)>0,J6/SUM($J$4:$J$100),0) | N6: 0.3 | O6: =IF(N6="","",M6-N6) | P6: 수동 입력/구글연동
A7: 해외계좌 | B7: NVDA | C7: NVIDIA Corp | D7: 주식 | E7: USD | F7: 15 | G7: 2500000 | H7: 130 | I7: 1380 | J7: =IF(B7="","",F7*H7*I7) | K7: =IF(B7="","",J7-G7) | L7: =IF(G7>0,K7/G7,"-") | M7: =IF(SUM($J$4:$J$100)>0,J7/SUM($J$4:$J$100),0) | N7: 0.15 | O7: =IF(N7="","",M7-N7) | P7: 수동 입력/구글연동
A8: 금현물계좌 | B8: 금현물 | C8: KRX 금 1g | D8: 금 | E8: KRW | F8: 20 | G8: 1900000 | H8: 105000 | I8: 1 | J8: =IF(B8="","",F8*H8*I8) | K8: =IF(B8="","",J8-G8) | L8: =IF(G8>0,K8/G8,"-") | M8: =IF(SUM($J$4:$J$100)>0,J8/SUM($J$4:$J$100),0) | N8: 0.1 | O8: =IF(N8="","",M8-N8) | P8: 수동 입력
J9: =IF(B9="","",F9*H9*I9) | K9: =IF(B9="","",J9-G9) | L9: =IF(G9>0,K9/G9,"-") | M9: =IF(SUM($J$4:$J$100)>0,J9/SUM($J$4:$J$100),0) | O9: =IF(N9="","",M9-N9)
J10: =IF(B10="","",F10*H10*I10) | K10: =IF(B10="","",J10-G10) | L10: =IF(G10>0,K10/G10,"-") | M10: =IF(SUM($J$4:$J$100)>0,J10/SUM($J$4:$J$100),0) | O10: =IF(N10="","",M10-N10)
J11: =IF(B11="","",F11*H11*I11) | K11: =IF(B11="","",J11-G11) | L11: =IF(G11>0,K11/G11,"-") | M11: =IF(SUM($J$4:$J$100)>0,J11/SUM($J$4:$J$100),0) | O11: =IF(N11="","",M11-N11)
J12: =IF(B12="","",F12*H12*I12) | K12: =IF(B12="","",J12-G12) | L12: =IF(G12>0,K12/G12,"-") | M12: =IF(SUM($J$4:$J$100)>0,J12/SUM($J$4:$J$100),0) | O12: =IF(N12="","",M12-N12)
J13: =IF(B13="","",F13*H13*I13) | K13: =IF(B13="","",J13-G13) | L13: =IF(G13>0,K13/G13,"-") | M13: =IF(SUM($J$4:$J$100)>0,J13/SUM($J$4:$J$100),0) | O13: =IF(N13="","",M13-N13)
J14: =IF(B14="","",F14*H14*I14) | K14: =IF(B14="","",J14-G14) | L14: =IF(G14>0,K14/G14,"-") | M14: =IF(SUM($J$4:$J$100)>0,J14/SUM($J$4:$J$100),0) | O14: =IF(N14="","",M14-N14)
J15: =IF(B15="","",F15*H15*I15) | K15: =IF(B15="","",J15-G15) | L15: =IF(G15>0,K15/G15,"-") | M15: =IF(SUM($J$4:$J$100)>0,J15/SUM($J$4:$J$100),0) | O15: =IF(N15="","",M15-N15)
J16: =IF(B16="","",F16*H16*I16) | K16: =IF(B16="","",J16-G16) | L16: =IF(G16>0,K16/G16,"-") | M16: =IF(SUM($J$4:$J$100)>0,J16/SUM($J$4:$J$100),0) | O16: =IF(N16="","",M16-N16)
J17: =IF(B17="","",F17*H17*I17) | K17: =IF(B17="","",J17-G17) | L17: =IF(G17>0,K17/G17,"-") | M17: =IF(SUM($J$4:$J$100)>0,J17/SUM($J$4:$J$100),0) | O17: =IF(N17="","",M17-N17)
J18: =IF(B18="","",F18*H18*I18) | K18: =IF(B18="","",J18-G18) | L18: =IF(G18>0,K18/G18,"-") | M18: =IF(SUM($J$4:$J$100)>0,J18/SUM($J$4:$J$100),0) | O18: =IF(N18="","",M18-N18)
J19: =IF(B19="","",F19*H19*I19) | K19: =IF(B19="","",J19-G19) | L19: =IF(G19>0,K19/G19,"-") | M19: =IF(SUM($J$4:$J$100)>0,J19/SUM($J$4:$J$100),0) | O19: =IF(N19="","",M19-N19)
J20: =IF(B20="","",F20*H20*I20) | K20: =IF(B20="","",J20-G20) | L20: =IF(G20>0,K20/G20,"-") | M20: =IF(SUM($J$4:$J$100)>0,J20/SUM($J$4:$J$100),0) | O20: =IF(N20="","",M20-N20)
... J24: =IF(B24="","",F24*H24*I24) | K24: =IF(B24="","",J24-G24) | L24: =IF(G24>0,K24/G24,"-") | M24: =IF(SUM($J$4:$J$100)>0,J24/SUM($J$4:$J$100),0) | O24: =IF(N24="","",M24-N24)

Sheet 월 투자 배분
A1: 월 적립식 투자 배분안 계산기
A3: 이번 달 투자 가능 금액 | C3: 500000
A4: 현금 유보 금액 | C4: 0
A5: 실제 배분 대상 금액 | C5: =C3-C4
A6: 배분 후 예상 총자산 | C6: =SUM(포트폴리오!$J$4:$J$100)+C5
A7: ※ 목표 비중 대비 현재 부족한 자산을 기준으로 월 투자금을 최적 배분합니다.
A9: 계좌 | B9: 티커 | C9: 종목명 | D9: 현재 평가액 | E9: 현재 비중 | F9: 목표 비중 | G9: 정규화 비중 | H9: 목표 평가액(투자후) | I9: 목표 대비 부족액 | J9: 권장 투자 금액 | K9: 예상 투자후 비중 | L9: 비고
A10: =포트폴리오!A4 | B10: =포트폴리오!B4 | C10: =포트폴리오!C4 | D10: =포트폴리오!J4 | E10: =포트폴리오!M4 | F10: =포트폴리오!N4 | G10: =IF(SUM($F$10:$F$20)>0, F10/SUM($F$10:$F$20), 0) | H10: =G10*$C$6 | I10: =MAX(0, H10-D10) | J10: =IF(SUM($I$10:$I$20)>0, ROUND($C$5*(I10/SUM($I$10:$I$20)), -2), 0) | K10: =(D10+J10)/$C$6 | L10: =IF(H10<=D10, "목표 초과 (매수 불필요)", IF(J10>0, "권장 매수", "-"))
A11: =포트폴리오!A5 | B11: =포트폴리오!B5 | C11: =포트폴리오!C5 | D11: =포트폴리오!J5 | E11: =포트폴리오!M5 | F11: =포트폴리오!N5 | G11: =IF(SUM($F$10:$F$20)>0, F11/SUM($F$10:$F$20), 0) | H11: =G11*$C$6 | I11: =MAX(0, H11-D11) | J11: =IF(SUM($I$10:$I$20)>0, ROUND($C$5*(I11/SUM($I$10:$I$20)), -2), 0) | K11: =(D11+J11)/$C$6 | L11: =IF(H11<=D11, "목표 초과 (매수 불필요)", IF(J11>0, "권장 매수", "-"))
A12: =포트폴리오!A6 | B12: =포트폴리오!B6 | C12: =포트폴리오!C6 | D12: =포트폴리오!J6 | E12: =포트폴리오!M6 | F12: =포트폴리오!N6 | G12: =IF(SUM($F$10:$F$20)>0, F12/SUM($F$10:$F$20), 0) | H12: =G12*$C$6 | I12: =MAX(0, H12-D12) | J12: =IF(SUM($I$10:$I$20)>0, ROUND($C$5*(I12/SUM($I$10:$I$20)), -2), 0) | K12: =(D12+J12)/$C$6 | L12: =IF(H12<=D12, "목표 초과 (매수 불필요)", IF(J12>0, "권장 매수", "-"))
A13: =포트폴리오!A7 | B13: =포트폴리오!B7 | C13: =포트폴리오!C7 | D13: =포트폴리오!J7 | E13: =포트폴리오!M7 | F13: =포트폴리오!N7 | G13: =IF(SUM($F$10:$F$20)>0, F13/SUM($F$10:$F$20), 0) | H13: =G13*$C$6 | I13: =MAX(0, H13-D13) | J13: =IF(SUM($I$10:$I$20)>0, ROUND($C$5*(I13/SUM($I$10:$I$20)), -2), 0) | K13: =(D13+J13)/$C$6 | L13: =IF(H13<=D13, "목표 초과 (매수 불필요)", IF(J13>0, "권장 매수", "-"))
A14: =포트폴리오!A8 | B14: =포트폴리오!B8 | C14: =포트폴리오!C8 | D14: =포트폴리오!J8 | E14: =포트폴리오!M8 | F14: =포트폴리오!N8 | G14: =IF(SUM($F$10:$F$20)>0, F14/SUM($F$10:$F$20), 0) | H14: =G14*$C$6 | I14: =MAX(0, H14-D14) | J14: =IF(SUM($I$10:$I$20)>0, ROUND($C$5*(I14/SUM($I$10:$I$20)), -2), 0) | K14: =(D14+J14)/$C$6 | L14: =IF(H14<=D14, "목표 초과 (매수 불필요)", IF(J14>0, "권장 매수", "-"))
C15: 합계 | D15: =SUM(D10:D14) | J15: =SUM(J10:J14) | L15: =IF(J15<=C5, "✅ 배분 한도 준수", "⚠️ 투자금 초과")

Sheet 계좌 및 현금
A1: 계좌별 현금 및 예수금 잔액 원장
A3: 계좌명 | B3: 자산 구분 | C3: 통화 | D3: 잔액 | E3: 기준 환율 | F3: 기준 통화 환산액(KRW) | G3: 기준일/메모
A4: ISA | B4: 예수금 | C4: KRW | D4: 250000 | E4: 1 | F4: =D4*E4 | G4: 배당금 및 대기자금
A5: CMA | B5: CMA 잔액 | C5: KRW | D5: 1500000 | E5: 1 | F5: =D5*E5 | G5: 비상금 및 월 투자 유보금
A6: 해외계좌 | B6: 달러 예수금 | C6: USD | D6: 350 | E6: 1380 | F6: =D6*E6 | G6: 해외 매수 대기금
A7: 일반/현금 | B7: 원화 현금 | C7: KRW | D7: 500000 | E7: 1 | F7: =D7*E7 | G7: 파킹통장 잔액
F8: =IF(D8="","",D8*IF(E8="",1,E8))
F9: =IF(D9="","",D9*IF(E9="",1,E9))
F10: =IF(D10="","",D10*IF(E10="",1,E10))
F11: =IF(D11="","",D11*IF(E11="",1,E11))
F12: =IF(D12="","",D12*IF(E12="",1,E12))
F13: =IF(D13="","",D13*IF(E13="",1,E13))
F14: =IF(D14="","",D14*IF(E14="",1,E14))
F15: =IF(D15="","",D15*IF(E15="",1,E15))
F16: =IF(D16="","",D16*IF(E16="",1,E16))
F17: =IF(D17="","",D17*IF(E17="",1,E17))
F18: =IF(D18="","",D18*IF(E18="",1,E18))
F19: =IF(D19="","",D19*IF(E19="",1,E19))

Sheet 자산 기록
A1: 총자산 일별/기간별 스냅샷 기록
A3: 기준일시 | B3: 투자 자산 평가액 | C3: 현금성 자산 | D3: 총자산 | E3: 데이터 상태
A4: 2026-09-01 | B4: 16800000 | C4: 2600000 | D4: 19400000 | E4: 정상
A5: 2026-09-15 | B5: 17200000 | C5: 2550000 | D5: 19750000 | E5: 정상
A6: 2026-10-01 | B6: 18100000 | C6: 2700000 | D6: 20800000 | E6: 정상
A7: 2026-10-08 | B7: 19355000 | C7: 2733000 | D7: 22088000 | E7: 정상

Sheet 설정
A1: 포트폴리오 환경 설정
A2: 기준 통화 | B2: KRW
A3: 목표 비중 분모 기준 | B3: 투자 자산만
A4: 시세 데이터 공급원 | B4: Google 스프레드시트 (GOOGLEFINANCE / Apps Script)
A5: 지원 계좌 목록 | B5: ISA, 금현물계좌, CMA, 해외계좌, 일반/현금
A6: 지원 자산 유형 | B6: 주식, ETF, 금, 현금, 기타
A7: 월 배분 주문 단위 | B7: 100원 단위 반올림 / 정수주
A8: 마지막 갱신 시각 | B8: 2026-10-08 23:15:00
